Dataset,mbert_UnkNum,mbert_UnkRatio,mbert_Fertility,xlm_roberta_UnkNum,xlm_roberta_UnkRatio,xlm_roberta_Fertility,chinese_bert_UnkNum,chinese_bert_UnkRatio,chinese_bert_Fertility,chinese_roberta_UnkNum,chinese_roberta_UnkRatio,chinese_roberta_Fertility
ChnSentiCorp,343,0.0027114624505928855,1.0436376785999613,5,5.472674934054267e-05,0.7481477743858852,813,0.006437309473850904,1.0419137001623062,307,0.0024272420363532863,1.043477895232569
csl,2172,0.002830151801420288,1.1224303280984207,446,0.0007950570979346342,0.8180585323573026,15740,0.02082671747644755,1.1051984539957607,2306,0.0029908898480949615,1.1276750678809069
ant,8,0.00012055818439374303,1.019101758350399,1,1.8259837487446362e-05,0.814437539721771,4,6.02854516133894e-05,1.018978179507097,4,6.02854516133894e-05,1.018978179507097
