Dataset,mbert_UnkNum,mbert_UnkRatio,mbert_Fertility,xlm_roberta_UnkNum,xlm_roberta_UnkRatio,xlm_roberta_Fertility,bert_UnkNum,bert_UnkRatio,bert_Fertility,roberta_UnkNum,roberta_UnkRatio,roberta_Fertility
sst,0,0.0,1.2229027293570778,0,0.0,1.2941361223656522,0,0.0,1.1237476051383524,0,0.0,1.1326674832752286
agnews,0,0.0,1.1779608330742928,0,0.0,1.339161142477102,0,0.0,1.1324576559122683,0,0.0,1.1518567783071039
multirc,1831,0.0011380630179864924,1.1365095203170217,0,0.0,1.3250275745222786,0,0.0,1.089037279617027,0,0.0,1.0900514250626823
