Dataset,mbert_UnkNum,mbert_UnkRatio,mbert_Fertility,xlm_roberta_UnkNum,xlm_roberta_UnkRatio,xlm_roberta_Fertility,french_bert_UnkNum,french_bert_UnkRatio,french_bert_Fertility,french_roberta_UnkNum,french_roberta_UnkRatio,french_roberta_Fertility
french_csl,426,0.004942568743473721,1.4667618452752744,1,1.1721955222131052e-05,1.4510573748550013,32,0.00039434606331718977,1.3767645221736415,0,0.0,1.313375568840903
french_paws,117,0.0018921934889136868,1.4257223153535155,0,0.0,1.5817966669953654,90,0.0013413416397156355,1.5554925549748546,0,0.0,1.3651513657430234
french_xnli,297,0.0012483240094317814,1.4911635576086317,0,0.0,1.5598201959001001,36,0.00015694070257121185,1.4353313747685381,0,0.0,1.3557281477167888
