Dataset,mbert_UnkNum,mbert_UnkRatio,mbert_Fertility,xlm_roberta_UnkNum,xlm_roberta_UnkRatio,xlm_roberta_Fertility,BETO_UnkNum,BETO_UnkRatio,BETO_Fertility,spanish_roberta_UnkNum,spanish_roberta_UnkRatio,spanish_roberta_Fertility
spanish_csl,11,0.00013587460009634744,1.3796274717197612,2,2.5366224871583486e-05,1.3417651171545868,47,0.0006554267944051653,1.213836252487406,0,0.0,1.2018249941736434
spanish_paws,124,0.002114200951390428,1.3605267743782519,0,0.0,1.470561876073589,426,0.0070561343646994516,1.4033956533645349,0,0.0,1.4286141054046653
spanish_xnli,13,0.00014870398755462011,1.3679325724780271,0,0.0,1.413403515676243,118,0.001491537421157079,1.2316837203200839,0,0.0,1.2387019546110456
